,id,texto,fecha,retweets,likes,fuente,nickname,num_seguidores,num_siguiendo,ubicacion,listas
0,1231687054091788289,Tengo antojo de papas fritas y lo √∫nico que tengo en la despensa son como 4 paquete de galletas. Dilemas!!! Me pide‚Ä¶ https://t.co/2QB3m5PcYO,2020-02-23 21:07:31,0,0,Twitter for Android,ElClover_,1685,2552,"Santiago, Chile",26
1,1231686886441312262,RT @Anitadiaz22_: Nunca no quiero papas fritas,2020-02-23 21:06:52,18,0,Twitter for Android,Yovi_Sgobba,109,246,"La Rioja, Argentina",1
2,1231686884813934598,Qu√© clase de madre se prepara papas fritas y no le deja nada a su hijo??!,2020-02-23 21:06:51,0,0,Twitter for iPhone,JChiechi,788,131,,0
3,1231686831919575040,"el domingo voy a ir al shooping con mis amigos, un fav y le robo las papas fritas a valentino",2020-02-23 21:06:39,0,5,Twitter Web App,candiartpop,739,650,‚òî,11
4,1231686567930089472,RT @clubdelbajon: Papas fritas con queso ü§§ https://t.co/eNiu1XWgAH,2020-02-23 21:05:36,279,0,Twitter for Android,Blurrytrader,82,285,"Mendoza, Argentina",1
5,1231686482886381568,RT @versotica: Cuando estoy en un restaurante y me preguntan ‚Äúcon qu√© contorno?‚Äù mi respuesta siempre va a ser: papas fritas,2020-02-23 21:05:15,44,0,Twitter for Android,ibraD10,291,316,,1
6,1231686384538341376,RT @versotica: Cuando estoy en un restaurante y me preguntan ‚Äúcon qu√© contorno?‚Äù mi respuesta siempre va a ser: papas fritas,2020-02-23 21:04:52,44,0,Twitter for Android,gabrielajoseeee,130,195,,0
7,1231686367362547713,"so√±√© que aldi estaba haciendo papas fritas e hice un esfuerzo por levantarme y fijarme si era cierto, y no, estaba‚Ä¶ https://t.co/ZFJVe4aklS",2020-02-23 21:04:48,0,0,Twitter for Android,irinayebara,334,623,Trivia: Just Dance,0
8,1231686313210007553,"@ReasonToLive666 Te recontra rompieron el orto. Anoche fui al corso en Boedo y comimos en restaurante: 2 aguas, una‚Ä¶ https://t.co/cr7vdpsrN6",2020-02-23 21:04:35,0,0,Twitter Web App,flacobras,2372,2241,Argentina,35
9,1231686283149414401,Que ganas de papas fritas,2020-02-23 21:04:28,0,0,Twitter for Android,Geanecarmelino1,978,528,rojas ,0
10,1231686182884532224,Alg√∫n estudio que confirme efectos positivos de comer papas fritas todos los d√≠as? üòñ,2020-02-23 21:04:04,0,1,Twitter for iPhone,barbylu,566,167,En la luna,3
11,1231685895947988993,RT @Lord_Charcha: Hermano/a como te va a caer mal Ricky Martin? Es como decir que no te gusta la pizza o las papas fritas.,2020-02-23 21:02:55,3,0,Twitter for Android,JotaPez87,547,1356,Chile,2
12,1231685803513991168,Quiero una pizza con papas fritas y milanesa con empanadas https://t.co/Rm7TYSqft8,2020-02-23 21:02:33,0,0,Twitter for Android,AbriRemorini,53,48,"La Plata, Argentina",0
13,1231685757603061767,RT @PachiiBaldess: Que ganas de una coca y papas fritas.,2020-02-23 21:02:22,1,0,Twitter for Android,enneptunoh,113,157,En la concha de la lora ,0
14,1231685142093205507,"Unas ganas de que me des bola, as√≠ te cocino papas fritas, muchas papas fritas",2020-02-23 20:59:56,0,0,Twitter Web App,santyflores1,198,328,"Rosario, argentina",1
15,1231684983837929472,Antojo de lo m√°s rico del mundo papas fritas y cerveza ü§§,2020-02-23 20:59:18,0,5,Twitter for iPhone,Japi_Pao,6585,6064,,14
16,1231684855504744450,Una de mis papas fritas tiene moho ‚òπÔ∏è https://t.co/xlXP63BQ3u,2020-02-23 20:58:47,0,2,Twitter for Android,Soy_UnaDamita69,617,182,,0
17,1231684845472014341,"RT @AlanGutierrez40: Si est√°n en la Fiesta de la Cerveza de Santa Clara les rrecomiendo que vayan al stand 14. Tenemos licuados, papas frit‚Ä¶",2020-02-23 20:58:45,1,0,Twitter for Android,Totolaricchia,319,300,Mar del Plata,1
18,1231684716010594304,"@MConsuelofg Es que se pasan, si hubiesen sido suflitos y papas fritas no te dicen nada",2020-02-23 20:58:14,0,0,Twitter for Android,mpaz81,646,533,Chile,9
19,1231684537501048833,me consumen las ganas de milanesas con papas fritas,2020-02-23 20:57:31,0,0,Twitter for iPhone,anialbanese,499,445,,0
20,1231684198228004865,RT @Dolarizar: CON BARBACOA Y PAPAS FRITAS,2020-02-23 20:56:11,12,0,Twitter for iPhone,AcostaOctavio_,260,115,,0
21,1231684187725402114,@_Giobellina Ahora voy y te hago milanesas con papas fritas o pur√©?,2020-02-23 20:56:08,0,1,Twitter for Android,XlautarozaffaX,45,142,,0
22,1231684069005647874,RT @versotica: Cuando estoy en un restaurante y me preguntan ‚Äúcon qu√© contorno?‚Äù mi respuesta siempre va a ser: papas fritas,2020-02-23 20:55:40,44,0,Twitter for iPhone,Adrianalvarez_,1037,1073,the moon,7
23,1231683877829259265,quiero ahogarme en papas fritas,2020-02-23 20:54:54,0,0,Twitter Web App,GerxldineV,793,399,,1
24,1231683176231292928,¬øY si te compro una coca y papas fritas y salimos a sacarle el cuero a todo el que pase mientras te manoseo el orto‚Ä¶ https://t.co/pcB6Y3VcuF,2020-02-23 20:52:07,0,0,Twitter for Android,TahielSanchez1,177,1093,,0
25,1231682901026234368,"Hoy he estado comiendo mis cosas favoritas: churros, serranito del menta y solomillo al whisky, coco, donut de choc‚Ä¶ https://t.co/0kh5M4o6qR",2020-02-23 20:51:01,0,1,Twitter for Android,jxsefag,106,85,,3
26,1231682900443136001,RT @versotica: Cuando estoy en un restaurante y me preguntan ‚Äúcon qu√© contorno?‚Äù mi respuesta siempre va a ser: papas fritas,2020-02-23 20:51:01,44,0,Twitter for iPhone,Marieljfg,972,549,,0
27,1231682605927600130,"cada vez q digo eso, como papas fritas dos d√≠as seguidos y a los d√≠as me vuelve agarrar antojo y as√≠ sucesivamente https://t.co/zIXqhza9rc",2020-02-23 20:49:51,0,0,Twitter for Android,LuzGoomez_,438,226,,0
28,1231682584544935937,"alguien que me salve el d√≠a con un paquete enorme de papas fritas
pago lo que sea",2020-02-23 20:49:46,0,0,Twitter for iPhone,Juuli_Cordoba,763,558,"Buenos Aires, Argentina",1
29,1231682457935732736,"Que genial, esto es como comer papas fritas con nutella. https://t.co/rkhqXgvZmI",2020-02-23 20:49:16,0,0,Twitter Web App,AyaLaLuiisa,393,329,Venezuela,5
30,1231682334203707393,tengo unas severas ganas de comer papas fritas,2020-02-23 20:48:46,0,0,Twitter for Android,LuzGoomez_,438,226,,0
31,1231682236459704328,"Tengo ganas de comer completos, hot rolls son salsa teriyaki y papas fritas  üò¢",2020-02-23 20:48:23,0,0,Twitter for Android,MardyBuuuuuum,91,86,,0
32,1231682008105070592,"Estoy merendando choris con papas fritas, siempre gordo üê∑ü¶Åüî•",2020-02-23 20:47:28,0,0,Twitter Web App,PirchioL,53,70,"Bah√≠a Blanca, Argentina",0
33,1231681967403474946,"RT @jtorres25: Tabasco para papas fritas y cosas empanizadas
Red hot para alitas 
Valentina para papitas 
Sriracha para arroz y comida m√°s‚Ä¶",2020-02-23 20:47:19,1,0,Twitter for Android,ALEJANDROLOPEZR,728,2222,,12
34,1231681897333501953,RT @Lapreviaok_: Estamos de acuerdo que las mejores Papas Fritas de las cadenas de comida r√°pida son las de McDonalds no https://t.co/T1bZG‚Ä¶,2020-02-23 20:47:02,354,0,Twitter for iPhone,Nikkicosta___,23,77,,0
35,1231681799937576961,"Tabasco para papas fritas y cosas empanizadas
Red hot para alitas 
Valentina para papitas 
Sriracha para arroz y co‚Ä¶ https://t.co/iNgPm4F4GH",2020-02-23 20:46:39,1,1,Twitter for Android,jtorres25,426,760,"Guadalajara, Jalisco",4
36,1231681571700297730,"@KTaehyungfk ‚ù§ Solo no te comas mis papas fritas, son lo √∫nico que no v√≥mito ;n;",2020-02-23 20:45:44,0,1,Twitter for Android,park_jimin_fk,26,36,,1
37,1231680997600714752,"Si est√°n en la Fiesta de la Cerveza de Santa Clara les rrecomiendo que vayan al stand 14. Tenemos licuados, papas f‚Ä¶ https://t.co/4zsa6Sdek1",2020-02-23 20:43:28,1,0,Twitter Web App,AlanGutierrez40,635,364,"Mar del Plata, Argentina",2
38,1231680799306592257,RT @versotica: Cuando estoy en un restaurante y me preguntan ‚Äúcon qu√© contorno?‚Äù mi respuesta siempre va a ser: papas fritas,2020-02-23 20:42:40,44,0,Twitter for Android,Claugil08,136,598,,0
39,1231680759406170114,"RT @BenitoLachito: Zanjemos de una buena vez ‚òùüèº

RT = Picana + papas fritas 

Fav = sushi 

Omg = todas las anteriores https://t.co/RLNZmWM‚Ä¶",2020-02-23 20:42:31,3,0,Twitter for iPhone,Alfonsoendara,436,967,Buin - Chile,4
40,1231680729068818434,RT @tmsbuzatto: alguien q se haga unas papas fritas,2020-02-23 20:42:23,1,0,Twitter for Android,milabelen_,52,78,,0
41,1231680179237466112,RT @versotica: Cuando estoy en un restaurante y me preguntan ‚Äúcon qu√© contorno?‚Äù mi respuesta siempre va a ser: papas fritas,2020-02-23 20:40:12,44,0,Twitter Web App,HectorLPerazaP,1086,439,Venezuela.,8
42,1231680131615404032,"@fmendiguren La suprema napolitana con papas fritas de que origen es ?
Bueno.
Ese !",2020-02-23 20:40:01,0,0,Twitter for Android,TheSauvageGoose,1955,2168,"Buenos Aires, Argentina",4
43,1231680059490127874,@moonstranger_ Bueno si las papas fritas si,2020-02-23 20:39:44,0,0,Twitter for iPhone,prxmis3,867,786,In jimin‚Äôs heart‚Åé‚Å∫À≥‚úß‡ºö,4
44,1231680012056694787,RT @versotica: Cuando estoy en un restaurante y me preguntan ‚Äúcon qu√© contorno?‚Äù mi respuesta siempre va a ser: papas fritas,2020-02-23 20:39:33,44,0,Twitter for iPhone,lizramirez02,5796,161,El infierno üî•,29
45,1231679975104876545,@Dobita Quiero saber si tiene papas fritas.,2020-02-23 20:39:24,0,2,Twitter for Android,otonista,2390,1960,"Recreo, Vi√±a.",28
46,1231679938673217539,RT @mjmesan: @GranCTimes Papas fritas y huevo. Punto,2020-02-23 20:39:15,0,0,Twitter for Android,Nyx_Airgetlam,1046,673,"Canaria (2.073,35 km away)",20
47,1231679820511219712,Ahora las publicidades que me aparecen en Instagram son de papas fritas con cheddar y tocineta. Estoy antojada. üò≠,2020-02-23 20:38:47,0,0,Twitter for Android,Sonii_m,157,172,"Buenos Aires, Argentina",0
48,1231679785685917705,"@erikadelvolga @Retro_Series Divinas fuentes de soda, con un aire acondicionado que helaba los huesos ... Erika se‚Ä¶ https://t.co/7IuAza5q41",2020-02-23 20:38:39,0,1,Twitter for iPhone,cabaezo1969,833,308,Bridge over trubled water.,0
49,1231679554839810048,Sonar√° demasiado gordo si digo que quiero papas fritas con queso derretido y aparte unas frituras y unas gorditas y‚Ä¶ https://t.co/AfUS45ijLE,2020-02-23 20:37:44,0,2,Twitter for Android,armonblue,1649,1559,"¬© 06 En los brazos de Ale, tomando chocolate caliente durante las ma√±anas.",4
50,1231679379643781120,"¬´ repente, sobre Adelaide mientras se terminaba su cart√≥n de papas fritas‚Äî. Posta, tengo un buen presentimiento sob‚Ä¶ https://t.co/85YynSlPjb",2020-02-23 20:37:02,0,0,Twitt-RP,onctrackmind,19,13,,1
51,1231679159467958272,¬øC√≥mo as√≠ que papas fritas con arroz y tajadas de maduro no constituyen una comida completa? üò±,2020-02-23 20:36:09,0,4,Twitter Web App,Leva360C,45,191,,0
52,1231678760832860163,"acabo de ""merendar"" una hamburguesa de quinoa con cheddar y papas fritas..
almorc√© ravioles",2020-02-23 20:34:34,0,3,Twitter for Android,aimaratrimboli,2009,724,westsiD√´,5
53,1231678723814043648,RT @Abrildebarbara: Q ganas de comerme como 5 milanesas napolitanas con muchas papas fritas,2020-02-23 20:34:25,5,0,Twitter for Android,curu89189592,598,345,"Esquel, Argentina",1
54,1231678530540404744,RT @Lapreviaok_: Estamos de acuerdo que las mejores Papas Fritas de las cadenas de comida r√°pida son las de McDonalds no https://t.co/T1bZG‚Ä¶,2020-02-23 20:33:39,354,0,Twitter for Android,DaniiAgustiina,124,390,,0
55,1231678501260054528,RT @Lapreviaok_: Estamos de acuerdo que las mejores Papas Fritas de las cadenas de comida r√°pida son las de McDonalds no https://t.co/T1bZG‚Ä¶,2020-02-23 20:33:32,354,0,Twitter for Android,delfinaoriana01,268,426,"Z√°rate, Argentina",0
56,1231678329469755395,ya es la 3ra vez q como papas fritas en la semana pero es q las amo,2020-02-23 20:32:51,0,0,Twitter for Android,innevchld,30,202,00:00,0
57,1231678304006103047,que ganas de una fuente de papas fritas bien doraditas aaaaaa,2020-02-23 20:32:45,0,0,Twitter Web App,elmalo_delapeli,553,291,,12
58,1231678135990706176,Ac√° los tenes a los ‚öΩTUDOS.Te tiran carnavales en la calle.Dos pedorros cantando y m√∫sica a las chapas.Venta de cho‚Ä¶ https://t.co/tr9FkYDrVf,2020-02-23 20:32:05,0,1,Twitter for Android,bobanuncamas,3125,3141,"Haedo chico city, Argentina",0
59,1231677851902136321,"@Giulianita_hdc Corto las verduras como para lomo saltado, cebolla, tomate, le puse holantao, lo salteas, le pones‚Ä¶ https://t.co/DyBxfCt2SE",2020-02-23 20:30:58,0,1,Twitter for Android,batidodeleche_,3754,465,narnia ,18
60,1231677773724475395,RT @versotica: Cuando estoy en un restaurante y me preguntan ‚Äúcon qu√© contorno?‚Äù mi respuesta siempre va a ser: papas fritas,2020-02-23 20:30:39,44,0,Twitter for Android,SidneyJezabel,456,613,Argentina,9
61,1231677587384131584,"me estoy comiendo un paquete de papas fritas sola mientras lloro y miro el lago, creo que ya me siento mejor dea",2020-02-23 20:29:54,0,2,Twitter for Android,maronivolve,161,178,,0
62,1231677357209071616,Algo que te llenaba y a la vez era barato. Se llama as√≠ ya que contiene papas fritas (chips) y pan con manteca (but‚Ä¶ https://t.co/SKcLA4bRRZ,2020-02-23 20:29:00,0,1,Twitter for Android,SheffieldArg,629,289,"Sheffield, England",1
63,1231677281850003457,RT @versotica: Cuando estoy en un restaurante y me preguntan ‚Äúcon qu√© contorno?‚Äù mi respuesta siempre va a ser: papas fritas,2020-02-23 20:28:42,44,0,Twitter Web App,Naiguarecuco_05,88,60,,0
64,1231677263743275010,Lul√∫ salvandome las papas fritas siempre jajajaja,2020-02-23 20:28:37,0,0,Twitter for Android,sabrisabatino,615,897,Baradero,0
65,1231677151927242754,"Quiero helado y papas fritas.
Pero:
1. Tengo pereza de salir.
2. No puedo comprar ambas.

Obvio, intentar√© salir (a‚Ä¶ https://t.co/usYXql0EiQ",2020-02-23 20:28:11,0,0,Twitter for Android,luflugo,1704,447,"Huila, Colombia",11
66,1231676905226723328,"RT @xlezombie: Miss Manvardu: en Venezuela hay hamburguesas de 1 d√≥lar yo quiero

Gente: nO S√â D√ìNDE PORQUE AQU√ç EN CARACAS UNA HAMBURGUESA‚Ä¶",2020-02-23 20:27:12,2,0,Twitter for iPhone,mansmontx,2459,1015,London / Val√®ncia,13
67,1231676876613128192,"RT @BenitoLachito: Zanjemos de una buena vez ‚òùüèº

RT = Picana + papas fritas 

Fav = sushi 

Omg = todas las anteriores https://t.co/RLNZmWM‚Ä¶",2020-02-23 20:27:05,3,0,Twitter Web App,Zurdomano1,379,913,Santiago ,0
68,1231676859680804865,@EnriqueCMdC @ModinoMarta @Sara_RamirezM @RTVCes Anda papas fritas acoso.... jajajajajajajajajajajajajajajajajaja FEMINAZI,2020-02-23 20:27:01,0,0,Twitter for iPhone,eurocanarion,69,819,Espa√±a,0
69,1231676775559811075,RT @versotica: Cuando estoy en un restaurante y me preguntan ‚Äúcon qu√© contorno?‚Äù mi respuesta siempre va a ser: papas fritas,2020-02-23 20:26:41,44,0,Twitter Web App,misssalada,589,237,Venezuela,0
70,1231676500090462209,"RT @BenitoLachito: Zanjemos de una buena vez ‚òùüèº

RT = Picana + papas fritas 

Fav = sushi 

Omg = todas las anteriores https://t.co/RLNZmWM‚Ä¶",2020-02-23 20:25:35,3,0,Twitter for iPhone,BenitoLachito,2004,2063,"Santiago del R√≠o, Oaxaca",2
71,1231676476426203136,"Zanjemos de una buena vez ‚òùüèº

RT = Picana + papas fritas 

Fav = sushi 

Omg = todas las anteriores https://t.co/RLNZmWMzVn",2020-02-23 20:25:30,3,2,Twitter for iPhone,BenitoLachito,2004,2063,"Santiago del R√≠o, Oaxaca",2
72,1231676375075082246,@Schwedenbitter_ Owww yo tambi√©n soy seco pa hacer papas fritas. Hay secretillos por ah√≠ üòå,2020-02-23 20:25:05,0,1,Twitter for Android,PMMMFW,1994,1622,Lo mas a la izquierda posible,2
73,1231676321677402114,la mam√° de mi amiga nos trajo papas fritas a la cama para almorzar dsp de haber bailoteado y levantarnos a las 4 de‚Ä¶ https://t.co/uELSMiPKRq,2020-02-23 20:24:53,0,3,Twitter for iPhone,roalvareeez,385,344,,0
74,1231676140105932800,"me levant√© de la siesta y me com√≠ unas papas fritas con abundante ketchup, ese colesterol por las nubes ya te veo",2020-02-23 20:24:09,0,0,Twitter Web App,gabsovo,988,935,,4
75,1231675619852931072,"Hoy hice guiso de zapallo italiano y me qued√≥ super rico, lo mejor fueron las papas fritas, obvio.

Ma√±ana har√© zap‚Ä¶ https://t.co/FkxW93m5Y5",2020-02-23 20:22:05,0,0,Twitter Web App,SebaHerLo,57,301,,0
76,1231675608196960258,Amo ponerle lim√≥n a la papas fritas,2020-02-23 20:22:03,0,0,Twitter for Android,NicoleDefazio,210,97,"C√≥rdoba, Argentina",3
77,1231675390017576962,el otro d√≠a alguien me dijo que las papas fritas sin sal son horribles y yo creo que ese es el primer indicio de que no merecen derechos,2020-02-23 20:21:11,0,2,Twitter for Android,revolucianate,1651,467,mdp,38
78,1231675376650399754,RT @MaximiliamValvo: Lo que dese√≥ unas buenas milanesas con papas fritas ü§§,2020-02-23 20:21:07,2,0,Twitter for Android,erigonzalez05,25,18,,0
79,1231675185293660160,"No los quiero enamorar, pero hago papas fritas sequitas y sin que se me pase la toalla de papel de aceite... üòèüíÖüèº
S√≠‚Ä¶ https://t.co/0hfT9lJ6DY",2020-02-23 20:20:22,0,54,Twitter for Android,Schwedenbitter_,9789,9325,La üë©üèª en üá®üá± y el ‚ù§ en üá¶üá∑,12
80,1231674880288075776,"Me: no hay sal, debo prepararme algo que no requiera sal
Also me: arroz, huevo y papas fritas",2020-02-23 20:19:09,0,0,Twitter for Android,Darth_Giora,433,575,"Comunidad de Madrid, Espa√±a",9
81,1231674819118321668,RT @Lapreviaok_: Estamos de acuerdo que las mejores Papas Fritas de las cadenas de comida r√°pida son las de McDonalds no https://t.co/T1bZG‚Ä¶,2020-02-23 20:18:54,354,0,Twitter for Android,Aestheticsofday,95,433,"Buenos Aires, Argentina",0
82,1231674717435813890,Me escapo de la sala caleta a la cocina para coger un poco de papas fritas que sobraron del pollo y cuando regreso‚Ä¶ https://t.co/NayJ2Wqjku,2020-02-23 20:18:30,0,0,Twitter for iPhone,nombreconfuso,29,595,,0
83,1231674617087111168,@Pastel_ito Papas fritas.,2020-02-23 20:18:06,0,0,Twitter for Android,damacaguamas,419,200,,12
84,1231674584862253056,"@gash276 Yo preparo pollo, cochino, solo que lo sazono  y los dejo macerar, tambi√©n papas Fritas y papas bravas, batatas y m√°s!!!",2020-02-23 20:17:59,0,1,Twitter for Android,senseijq,991,2502,Venezuela,8
85,1231674474275180547,Vivir√≠a a base de helado y papas fritas,2020-02-23 20:17:32,0,1,Twitter for iPhone,abrii_gutierrez,107,107,"Neuqu√©n, Argentina",0
86,1231674469258858496,RT @versotica: Cuando estoy en un restaurante y me preguntan ‚Äúcon qu√© contorno?‚Äù mi respuesta siempre va a ser: papas fritas,2020-02-23 20:17:31,44,0,Twitter for iPhone,KathMendC,449,507,Caracas - Venezuela,2
87,1231674299041406978,@makimakiv2 Mmm papas fritas,2020-02-23 20:16:50,0,0,Twitter for Android,Ghurzlak,334,391,Black Citadel.,19
88,1231673556444033024,RT @versotica: Cuando estoy en un restaurante y me preguntan ‚Äúcon qu√© contorno?‚Äù mi respuesta siempre va a ser: papas fritas,2020-02-23 20:13:53,44,0,Twitter for Android,noheli_ajc,300,150,,5
89,1231673415251243011,RT @versotica: Cuando estoy en un restaurante y me preguntan ‚Äúcon qu√© contorno?‚Äù mi respuesta siempre va a ser: papas fritas,2020-02-23 20:13:20,44,0,Twitter for Android,zulxvrh,537,1332,"Anzo√°tegui, Venezuela",0
90,1231673074887602183,Que ganas de comer papas fritas con ketchup,2020-02-23 20:11:59,0,1,Twitter Web App,Guada_salzmann,77,109,,0
91,1231673033624104960,"Me levant√© reci√©n y me estoy haciendo pap√°s fritas , y me parece perfecto üçü ü§§",2020-02-23 20:11:49,0,0,Twitter for Android,AleeOniis,1118,461,Viamonte ,0
92,1231672883765796864,RT @versotica: Cuando estoy en un restaurante y me preguntan ‚Äúcon qu√© contorno?‚Äù mi respuesta siempre va a ser: papas fritas,2020-02-23 20:11:13,44,0,Twitter for Android,Mairin2508,5,114,,0
93,1231671912977268742,Que ganas de una coca y papas fritas.,2020-02-23 20:07:22,1,0,Twitter Web App,PachiiBaldess,1557,703,,0
94,1231671826063003650,RT @ChipiDB: Aguanten las papas fritas con k√©tchup,2020-02-23 20:07:01,2,0,Twitter for Android,priscigaleano13,77,152,"Santa Fe, Argentina",0
95,1231671789102813185,tengo hambre de papas fritas,2020-02-23 20:06:52,0,0,Twitter for iPhone,__gxylix,158,145,clc ‚Äî 9#,0
96,1231671007657766912,"Seguramente dir√© una tontera, o al menos seguro, incomprobable. Vistos las 2 Joshua/Ruiz y las 2 Fury/Wilder, mucho‚Ä¶ https://t.co/g4nJYSGlWu",2020-02-23 20:03:46,0,1,Twitter for Android,17lopezmartinez,196,346,,3
97,1231670896261292039,"¬°√ëomi, √±omi! üçΩ Complaciendo paladares üíö @ElRePiTiEnTe Chicharr√≥n de pollo con papas fritas https://t.co/aLTHSrqo5f",2020-02-23 20:03:19,0,0,Twitter for iPhone,RosemeryB,820,420,Ciudad G√≥tica ,9
98,1231670762739847168,RT @Abrildebarbara: Q ganas de comerme como 5 milanesas napolitanas con muchas papas fritas,2020-02-23 20:02:47,5,0,Twitter for Android,ivan_jacobsen,544,356,Esquel ,1
99,1231670757882781698,Tambi√©n igual la empleada domestica que me cri√≥ me hac√≠a milanesa con papas fritas y huevos fritos para que me ponga feliz todos los d√≠as.,2020-02-23 20:02:46,0,1,Twitter for Android,tortillavegana,235,222,,0
100,1231686882364395520,Quiero comer perro caliente :(,2020-02-23 21:06:51,0,0,Twitter Web App,Sthefaniie_17,2384,520,,62
101,1231685668277014531,"Sopita de pollo y luego un perro caliente, claro que s√≠ alta cena",2020-02-23 21:02:01,0,0,Twitter for Android,Angel_Fer_Ch,34,126,"Barcelona, Espa√±a",0
102,1231671778700877824,"@Susan2114940690 Si ellos no te lo han dicho nunca, que no te quieren es paja mental tuya, justifica tu llegada al‚Ä¶ https://t.co/khbDnnYfMf",2020-02-23 20:06:50,0,0,Twitter for Android,yessuantmorales,221,1463,Rep√∫blica de Filipinas,0
103,1231671469983379457,@owenbarajas69 Yo ando bien perro caliente üòàüòàüòàüî•üî•üî•,2020-02-23 20:05:36,0,1,Twitter for Android,AdairParra1,1951,301,,5
104,1231670757350150144,"PENDIENTE PERRO CALIENTE!!! GRAN CONCIERTO.
LOS PR√ìCERES
Este 24 de Febrero en el paseo los Pr√≥ceres.
¬°Imperdible!‚Ä¶ https://t.co/fRbTuc9ZQs",2020-02-23 20:02:46,0,0,Twitter for Android,pupusitotuitero,764,2287,"Tampa, FL",1
105,1231670320978939904,Un perro sufri√≥ graves heridas tras ser quemado con aceite caliente https://t.co/WhgHQGQ3M4 https://t.co/C1YNssTbI7,2020-02-23 20:01:02,0,0,Hootsuite Inc.,MIAFM,21678,93,"C√≥rdoba, Argentina",116
106,1231669743553306625,@Ottojesusjv Perro Caliente sabor a pescado jajajajaja,2020-02-23 19:58:44,0,0,Twitter for iPhone,deblasijose1,10,69,"Mamo, Venezuela",0
107,1231667572413812736,"RT @hedynasser: -Dame 3 hamburguesas.
-Estan en 400.000 bs.
-Yo te pregunte precio, gafo? Dame 1 perro caliente. https://t.co/5QJasSZ6ED",2020-02-23 19:50:07,1,0,Twitter for iPhone,berenicejgb,463,482,,5
108,1231667291760332800,Todos los fines de semana quiero estar comiendo perro caliente ü§¶üèΩ‚Äç‚ôÄÔ∏è,2020-02-23 19:49:00,0,0,Twitter for Android,MaikelisA10,402,260,Venezuela,0
109,1231666766511771650,Literal soy feliz comiendo que si un perro caliente con full salsa de ma√≠z en el centro https://t.co/5DM7zEDN7O,2020-02-23 19:46:55,0,0,Twitter for Android,AriMorenoC,434,206,Venezuela,2
110,1231666300600094721,"-Dame 3 hamburguesas.
-Estan en 400.000 bs.
-Yo te pregunte precio, gafo? Dame 1 perro caliente. https://t.co/5QJasSZ6ED",2020-02-23 19:45:03,1,1,Twitter for iPhone,hedynasser,218,463,,0
111,1231657341130592257,"Anoche fui a comprar un perro caliente y la chava me dijo "" BUENOS DIAS en que le podemos servir "" ... buenos diiaaaaas",2020-02-23 19:09:27,0,0,Twitter for Android,elkareyes,351,245,Honduras,2
112,1231647261031108612,"@ho2seokjin @BTS_twt üê∑ Cerdo
üöó Auto
üçå Banano
ü•ë Aguacate
üçì Fresa
üçç Pi√±a
üçû pan tajado (?
üå≠ Perro caliente
üçø Maiz pira‚Ä¶ https://t.co/EXlEIO81SF",2020-02-23 18:29:24,0,1,Twitter for Android,_Yoongiretto7,1581,1713,"Bogot√°, D.C., Colombia",2
113,1231645692441112577,@Eliojgm Soy la salchica de tu perro caliente (labia piedrera ultra mala y desubicada),2020-02-23 18:23:10,0,0,Twitter Web App,AlexArang,1198,3606,"Caracas, Venezuela",2
114,1231645416573325312,"RT @CocinayVino: Perro caliente venezolano üå≠ El ‚Äúcon todo‚Äù trae salchicha hervida, repollo con zanahorias, cebolla picadita, papitas tritur‚Ä¶",2020-02-23 18:22:04,44,0,Twitter for Android,JuanTortolero,4937,5027,Venezuela  üáªüá™,70
115,1231638536597667842,"RT @CocinayVino: Perro caliente venezolano üå≠ El ‚Äúcon todo‚Äù trae salchicha hervida, repollo con zanahorias, cebolla picadita, papitas tritur‚Ä¶",2020-02-23 17:54:44,44,0,Twitter for iPhone,vinoenvena,458,314,San Sebastian,9
116,1231638323401285633,@PizzatimePuff Perro Caliente,2020-02-23 17:53:53,0,0,Twitter for Android,phonicamoeba,146,593,"Jacksonville, FL",3
117,1231623540291645440,Pens√© que la primera era un perro caliente con un teque√±o encima hahaha https://t.co/ZLey0aP5TM,2020-02-23 16:55:09,0,2,Twitter for Android,343GSPARK,413,403,"At your fingertips, apparently",3
118,1231622932369113091,@Susan2114940690 @fmotisi Un perro caliente.  Pero sin salchicha !!,2020-02-23 16:52:44,0,1,Twitter for Android,vros6115,435,999,,4
119,1231614041266757632,"@K1N624MUR0 Pod√≠as incluso darte el lujo de comerte un perro caliente,una hamburguesa con su respectivo refresco,ut‚Ä¶ https://t.co/wlDlyXH01C",2020-02-23 16:17:24,0,0,Twitter Web App,oxigeno2023,1112,4336,Caracas-Venezuela,9
120,1231599774744371201,@Lanaalexa95Lina Espero que el perro caliente sea sin pi√±a o miel o ac√° no hay nada Lina ü§¶üèª‚Äç‚ôÇÔ∏è,2020-02-23 15:20:42,0,0,Twitter for iPhone,CDLMoraw,1032,1421,Bogot√° - Colombia ,1
121,1231587928012443648,"A las 4:00am mi amiga llego de una fiesta y pues que creen, me trabo un mega gran perro caliente no pens√© ni un seg‚Ä¶ https://t.co/6fzmcgr5h4",2020-02-23 14:33:38,0,6,Twitter for iPhone,Roduerenrique_,5181,3916,"Caracas, Venezuela",23
122,1231577334769160193,"RT @RossVzla29: JAJAJA
EST√Å BIEN, CON PERRO CALIENTE. https://t.co/xFp2MyyUBS",2020-02-23 13:51:32,4,0,Twitter for Android,RosaGuicciardi,746,898,,4
123,1231575892322869249,"RT @CocinayVino: Perro caliente venezolano üå≠ El ‚Äúcon todo‚Äù trae salchicha hervida, repollo con zanahorias, cebolla picadita, papitas tritur‚Ä¶",2020-02-23 13:45:48,44,0,Twitter Web App,nellytacastell,328,624,"Florencia, Toscana",6
124,1231572973137649664,"Quisiera ser como esas personas que se molestan/deprimen/alteran y no comen. Yo estoy triste, me regalan un perro c‚Ä¶ https://t.co/7I9fU3AlGH",2020-02-23 13:34:12,0,1,Twitter for iPhone,avolaatil,990,164,,1
125,1231566610072293376,RT @vai3333: #ARGENTINA Docente qued√≥ tras las rejas por arrojarle aceite caliente al perro de su vecina https://t.co/G1xnZ9KsEI,2020-02-23 13:08:55,7,0,Twitter Web App,vai3333,7099,5232,"Sevilla, Espa√±a",424
126,1231564903502303232,Ayer pegue dos porros y compr√© una promoci√≥n de pareja de hamburguesa + perro + papa y me quede dormido... Lo bueno‚Ä¶ https://t.co/gqIpR6BF3q,2020-02-23 13:02:09,0,2,Twitter for Android,NietDi77,131,160,"Bogot√°, D.C., Colombia",0
127,1231544988162576384,"RT @CocinayVino: Perro caliente venezolano üå≠ El ‚Äúcon todo‚Äù trae salchicha hervida, repollo con zanahorias, cebolla picadita, papitas tritur‚Ä¶",2020-02-23 11:43:00,44,0,Twitter for iPhone,klopese,222,524,"Florida, USA",0
128,1231531751870271488,"RT @CocinayVino: Perro caliente venezolano üå≠ El ‚Äúcon todo‚Äù trae salchicha hervida, repollo con zanahorias, cebolla picadita, papitas tritur‚Ä¶",2020-02-23 10:50:25,44,0,Twitter for iPhone,castalyan,155,248,,34
129,1231528008571334658,"RT @CocinayVino: Perro caliente venezolano üå≠ El ‚Äúcon todo‚Äù trae salchicha hervida, repollo con zanahorias, cebolla picadita, papitas tritur‚Ä¶",2020-02-23 10:35:32,44,0,Twitter for Android,celatsuarezg,373,452,,15
130,1231522486124269568,"RT @CocinayVino: Perro caliente venezolano üå≠ El ‚Äúcon todo‚Äù trae salchicha hervida, repollo con zanahorias, cebolla picadita, papitas tritur‚Ä¶",2020-02-23 10:13:35,44,0,Twitter for Android,RicaGourmet,10,239,,0
131,1231516292819095552,@natalialacunza te gusta el perro caliente con cebolla y salsa de maiz? Si no lo has probado you are missing out xd,2020-02-23 09:48:59,0,0,Twitter Web App,Lenguayabada,849,776,"Nueva Esparta, Venezuela",6
132,1231496386098716678,"RT @CocinayVino: Perro caliente venezolano üå≠ El ‚Äúcon todo‚Äù trae salchicha hervida, repollo con zanahorias, cebolla picadita, papitas tritur‚Ä¶",2020-02-23 08:29:53,44,0,Twitter for Android,Danyhr31,156,329,,0
133,1231494243769823233,"Doggone Cute Christmas Cookies ‚Äì https://t.co/VKuuajJJxj  

Perro diggity caliente! Es casi Navidad. Y estamos en l‚Ä¶ https://t.co/cSWDw8Tv2f",2020-02-23 08:21:22,0,0,Revive Social App,recetasdejujo,2767,557,,28
134,1231486339490734080,"RT @CocinayVino: Perro caliente venezolano üå≠ El ‚Äúcon todo‚Äù trae salchicha hervida, repollo con zanahorias, cebolla picadita, papitas tritur‚Ä¶",2020-02-23 07:49:57,44,0,Twitter for iPhone,realvennys,23,107,Venezuela,0
135,1231479615199289344,"RT @CocinayVino: Perro caliente venezolano üå≠ El ‚Äúcon todo‚Äù trae salchicha hervida, repollo con zanahorias, cebolla picadita, papitas tritur‚Ä¶",2020-02-23 07:23:14,44,0,Twitter for Android,Rafael88Calles,308,1387,"Caracas, Venezuela",3
136,1231457590263107584,"RT @CocinayVino: Perro caliente venezolano üå≠ El ‚Äúcon todo‚Äù trae salchicha hervida, repollo con zanahorias, cebolla picadita, papitas tritur‚Ä¶",2020-02-23 05:55:43,44,0,Twitter for Android,elvalenciano17,203,787,Carabobo,6
137,1231452234182995969,"RT @CocinayVino: Perro caliente venezolano üå≠ El ‚Äúcon todo‚Äù trae salchicha hervida, repollo con zanahorias, cebolla picadita, papitas tritur‚Ä¶",2020-02-23 05:34:26,44,0,Twitter for iPhone,rafabrrzueta,157,956,"Bogot√°, Colombia",0
138,1231450659574239233,Buenas noches quiero un perro caliente y a mi no me gustan los perros calientes,2020-02-23 05:28:11,0,0,Twitter for iPhone,itsgabriel18,2976,633,In your heart,7
139,1231449518983581696,"Prend√≠ el aire solo por mi perro porque le sali√≥ un parche caliente en la piel y estaba re inquieto, creo que funci‚Ä¶ https://t.co/5A2SAMXbeG",2020-02-23 05:23:39,0,2,Twitter for Android,OriSuanno,918,421,,2
140,1231440643152629760,"Yo aqu√≠ con hambre y me acaban de traer un perro caliente, excelente servicio mi pana.",2020-02-23 04:48:23,0,6,Twitter for iPhone,Hxghnots,1976,1368,"Maracay, Venezuela",25
141,1231435053370134529,"Yo en la ma√±ana: Tengo que empez√°r a hacer ejercicio.

Yo ahorita: Comiendome un perro caliente full salsas y full‚Ä¶ https://t.co/afa97ewjWr",2020-02-23 04:26:10,0,1,Twitter Web App,JosmaD7,90,192,,0
142,1231433599678844928,"Espero hayas disfrutado con tu amigo o lo que sea, que hayas comido perro caliente y que sigas saliendo tanto, espe‚Ä¶ https://t.co/TBtWqBHxzX",2020-02-23 04:20:23,0,0,Twitter for Android,SeVillA_Mind,8,117,"Bogot√°, D.C., Colombia",0
143,1231433115329056769,"RT @CocinayVino: Perro caliente venezolano üå≠ El ‚Äúcon todo‚Äù trae salchicha hervida, repollo con zanahorias, cebolla picadita, papitas tritur‚Ä¶",2020-02-23 04:18:28,44,0,Twitter for Android,M_RANGELD,72,233,"La Florida, Chile",0
144,1231428312418979843,"RT @CocinayVino: Perro caliente venezolano üå≠ El ‚Äúcon todo‚Äù trae salchicha hervida, repollo con zanahorias, cebolla picadita, papitas tritur‚Ä¶",2020-02-23 03:59:23,44,0,Twitter Web App,roselvis,511,2197,Caracas,3
145,1231427074889539584,"RT @CocinayVino: Perro caliente venezolano üå≠ El ‚Äúcon todo‚Äù trae salchicha hervida, repollo con zanahorias, cebolla picadita, papitas tritur‚Ä¶",2020-02-23 03:54:28,44,0,Twitter Web App,Sharongiva,289,525,,1
146,1231421990080147456,"RT @CocinayVino: Perro caliente venezolano üå≠ El ‚Äúcon todo‚Äù trae salchicha hervida, repollo con zanahorias, cebolla picadita, papitas tritur‚Ä¶",2020-02-23 03:34:15,44,0,Twitter for iPhone,veneluna,1894,2204,,31
147,1231419927753613312,"RT @RossVzla29: JAJAJA
EST√Å BIEN, CON PERRO CALIENTE. https://t.co/jjIde1SaT7 https://t.co/xFp2MyyUBS",2020-02-23 03:26:04,4,0,Twitter Web App,Luisbk8,280,1107,Ant√≠mano-Caracas-Venezuela.,0
148,1231418847217045509,"@JCRoiman Roi, fuk u. Mi perro caliente ideal lo preparan con queso amarillo rallado (pens√© en escribir esto con ""y‚Ä¶ https://t.co/ZRp83UWPm1",2020-02-23 03:21:46,0,0,Twitter for Android,343GSPARK,413,403,"At your fingertips, apparently",3
149,1231418661539209217,dios m acabobd atracar con papitas crispetas pizza perro caliente coca cola qued√© echa una bola y ni siquieea puedo‚Ä¶ https://t.co/kLVuZlvZhq,2020-02-23 03:21:02,0,0,Twitter for Android,666kals,256,263,yoongi ville,0
150,1231417476077977600,"RT @CocinayVino: Perro caliente venezolano üå≠ El ‚Äúcon todo‚Äù trae salchicha hervida, repollo con zanahorias, cebolla picadita, papitas tritur‚Ä¶",2020-02-23 03:16:19,44,0,Twitter for iPhone,contrico,124,1040,Caracas- Venezuela,3
151,1231416880453345280,RT @Arlyyyy_29: Tengo ganas de comerme un perro caliente o una hamburguesaaa,2020-02-23 03:13:57,1,0,Twitter for iPhone,Victoriaperez_8,182,137,Venezuela,0
152,1231412769884381185,"RT @RossVzla29: JAJAJA
EST√Å BIEN, CON PERRO CALIENTE. https://t.co/xFp2MyyUBS",2020-02-23 02:57:37,4,0,Twitter for Android,malufrancis,2425,4936,"Caracas, Venezuela",7
153,1231412308263493632,"RT @RossVzla29: JAJAJA
EST√Å BIEN, CON PERRO CALIENTE. https://t.co/xFp2MyyUBS",2020-02-23 02:55:47,4,0,Twitter for Android,lt_tatis,2217,1485,Venezuela,7
154,1231411970332659712,"JAJAJA
EST√Å BIEN, CON PERRO CALIENTE. https://t.co/jjIde1SaT7 https://t.co/xFp2MyyUBS",2020-02-23 02:54:26,4,11,Twitter for Android,RossVzla29,30789,19242,POR EST√â BELLO MUNDO ,140
155,1231411216628822016,"RT @CocinayVino: Perro caliente venezolano üå≠ El ‚Äúcon todo‚Äù trae salchicha hervida, repollo con zanahorias, cebolla picadita, papitas tritur‚Ä¶",2020-02-23 02:51:27,44,0,Twitter for Android,mcamachog,239,409,"√úT: 9.71273,-63.260238",1
156,1231407606394228742,"#hashtag1 Nuevo patr√≥n de ropa para mascotas Invierno Caliente chaqueta para mascotas, perros abrigo perro cachorro‚Ä¶ https://t.co/TPG85lMG6k",2020-02-23 02:37:06,0,0,SocialRabbit Plugin,MarketLatinos,42,440,,0
157,1231405089425960960,"RT @CocinayVino: Perro caliente venezolano üå≠ El ‚Äúcon todo‚Äù trae salchicha hervida, repollo con zanahorias, cebolla picadita, papitas tritur‚Ä¶",2020-02-23 02:27:06,44,0,Twitter for Android,juanaMore03,299,447,"Quito, Ecuador",2
158,1231402145393577986,"RT @CocinayVino: Perro caliente venezolano üå≠ El ‚Äúcon todo‚Äù trae salchicha hervida, repollo con zanahorias, cebolla picadita, papitas tritur‚Ä¶",2020-02-23 02:15:24,44,0,Twitter for Android,ys5900,346,615,,10
159,1231400835319582722,"Aqu√≠ en modo reflexivo cuento lo siguiente: hace rato mientras salimos al centro a comprar la botella, vi varias co‚Ä¶ https://t.co/viJ0DOawZv",2020-02-23 02:10:12,0,2,Twitter for Android,sebasg44,60,191,,0
160,1231400043715997696,Quiero un perro caliente #AntojoNocturno üòï,2020-02-23 02:07:03,0,1,Twitter for Android,fabiolapasco,2194,749,En Auschwitz - Venezuela,12
161,1231399401790287872,"Yo no vine a hacer amigo en una pizzeria.
Cuando entre a la tienda ped√≠ un perro caliente, mientras esperaba v√≠ 200‚Ä¶ https://t.co/unwCy02Vyg",2020-02-23 02:04:30,0,0,Twitter for Android,christofer1213,62,528,"Bogot√°, D.C., Colombia",0
162,1231397888254783490,"RT @Chikistrrikis: -Dame 3 hamburguesas.
-Estan en 250.
-Yo te pregunte precio, gafo? Dame 1 perro caliente. https://t.co/DM026csklw",2020-02-23 01:58:29,7,0,Twitter for Android,D_nielF,189,123,"Buenos Aires, Argentina",1
163,1231394323259891712,"RT @CocinayVino: Perro caliente venezolano üå≠ El ‚Äúcon todo‚Äù trae salchicha hervida, repollo con zanahorias, cebolla picadita, papitas tritur‚Ä¶",2020-02-23 01:44:19,44,0,Twitter for Android,Karvey_S,278,141,Mexico City,0
164,1231393780932042752,"RT @CocinayVino: Perro caliente venezolano üå≠ El ‚Äúcon todo‚Äù trae salchicha hervida, repollo con zanahorias, cebolla picadita, papitas tritur‚Ä¶",2020-02-23 01:42:10,44,0,Twitter Web App,GESANDA,3873,5001,,66
165,1231392882390495232,por perro caliente üòÇ,2020-02-23 01:38:35,0,2,Twitter for iPhone,jafelix562,4305,2385,"Chino, CA",10
166,1231392731454464002,"RT @CocinayVino: Perro caliente venezolano üå≠ El ‚Äúcon todo‚Äù trae salchicha hervida, repollo con zanahorias, cebolla picadita, papitas tritur‚Ä¶",2020-02-23 01:38:00,44,0,Twitter for Android,kitasenior,445,827,"Paraguan√°, Falc√≥n. Venezuela",7
167,1231392514319560706,RT @JuanoDelGuano: Perro caliente mexicano casero. https://t.co/mYzHKAKJO7,2020-02-23 01:37:08,2,0,Twitter for Android,edersinhi,678,2283,ECUADOR,29
168,1231392065059196930,"RT @CocinayVino: Perro caliente venezolano üå≠ El ‚Äúcon todo‚Äù trae salchicha hervida, repollo con zanahorias, cebolla picadita, papitas tritur‚Ä¶",2020-02-23 01:35:21,44,0,Twitter for iPhone,cephtx,41,405,"Vancouver, British Columbia",0
169,1231391931604905984,"Estoy viendo a la hermana de mi amiga peruana comer un perro caliente y le saca el queso y la salsa, mocosa de mierda eso se harta!!!",2020-02-23 01:34:49,0,2,Twitter for Android,AngimarConG,4493,2950,,118
170,1231391913980370946,"@Didiana_Hrndz @Manvardu @thelord0ne Depende de donde vivas, yo estoy en los Altos Mirandinos... Aqu√≠ un pan con Ch‚Ä¶ https://t.co/nwPpxtD8J0",2020-02-23 01:34:45,0,1,Twitter for Android,dominosita,773,505,"Caracas, Venezuela",27
171,1231390885625171968,Mi perro d√°ndome cari√±o+chocolate caliente+la saga completa de resident evil+lluvia= Mi para√≠so,2020-02-23 01:30:39,0,0,Twitter for iPhone,Alliss0nA,137,114,Ecuador,3
172,1231390801344782336,Nunca se me va a olvidar cuando estaba como en segundo grado y me dijeron que dibujara un perro caliente y yo dibuj‚Ä¶ https://t.co/vKS2NbR4wn,2020-02-23 01:30:19,0,3,Twitter for iPhone,katianaelle,207,207,"Rinc√≥n, Puerto Rico",0
173,1231390393025146886,Perro caliente mexicano casero. https://t.co/mYzHKAKJO7,2020-02-23 01:28:42,2,39,Twitter for Android,JuanoDelGuano,6382,1591,"Bogot√°, Colombia",50
174,1231389584392695808,"RT @CocinayVino: Perro caliente venezolano üå≠ El ‚Äúcon todo‚Äù trae salchicha hervida, repollo con zanahorias, cebolla picadita, papitas tritur‚Ä¶",2020-02-23 01:25:29,44,0,Twitter Web App,dianco2007,140,366,Guarenas. Estado Miranda,2
175,1231387311910391809,"RT @CocinayVino: Perro caliente venezolano üå≠ El ‚Äúcon todo‚Äù trae salchicha hervida, repollo con zanahorias, cebolla picadita, papitas tritur‚Ä¶",2020-02-23 01:16:27,44,0,Twitter Web App,emvimar22,255,373,M√©rida,0
176,1231386987749367809,"Abro la puerta...

Mi pap√°: ¬øA d√≥nde vas?

Yo: A comprar perro caliente porque en esta casa nadie cocina.",2020-02-23 01:15:10,0,0,Twitter for Android,Carloszapata1ve,126,266,,0
177,1231385615188594688,"RT @CocinayVino: Perro caliente venezolano üå≠ El ‚Äúcon todo‚Äù trae salchicha hervida, repollo con zanahorias, cebolla picadita, papitas tritur‚Ä¶",2020-02-23 01:09:43,44,0,Twitter for iPad,sandranp1980,391,602,,0
178,1231384692919717888,"- Que va a mandar ?
- Semen refrigerado üßê
- te hablan amigo q si quieres un trago
- no mijo, con este fr√≠o tendr√≠a‚Ä¶ https://t.co/p525xmYxfv",2020-02-23 01:06:03,0,0,Twitter for iPhone,Iworikana,1430,1339,Las caretas de Olokun,4
179,1231384176026357761,"RT @CocinayVino: Perro caliente venezolano üå≠ El ‚Äúcon todo‚Äù trae salchicha hervida, repollo con zanahorias, cebolla picadita, papitas tritur‚Ä¶",2020-02-23 01:04:00,44,0,Twitter Web App,barrysx,402,3522,Caracas,18
180,1231384086759038976,"RT @CocinayVino: Perro caliente venezolano üå≠ El ‚Äúcon todo‚Äù trae salchicha hervida, repollo con zanahorias, cebolla picadita, papitas tritur‚Ä¶",2020-02-23 01:03:38,44,0,Twitter for iPhone,Abogada_gf,609,552,Caracas,66
181,1231384013350277120,"RT @CocinayVino: Perro caliente venezolano üå≠ El ‚Äúcon todo‚Äù trae salchicha hervida, repollo con zanahorias, cebolla picadita, papitas tritur‚Ä¶",2020-02-23 01:03:21,44,0,Twitter Web App,nelita0404,211,1065,,0
182,1231383304743550978,"Perro caliente venezolano üå≠ El ‚Äúcon todo‚Äù trae salchicha hervida, repollo con zanahorias, cebolla picadita, papitas‚Ä¶ https://t.co/4eCwjSeI4t",2020-02-23 01:00:32,44,104,Hootsuite Inc.,CocinayVino,641014,43051,"Europa, USA y Latam",3484
183,1231383176502751234,@Restrepo_Valen Y un maldito delicioso y nutritivo perro caliente.,2020-02-23 01:00:01,0,1,Twitter for Android,Alejand62707286,115,164,"Pance, Cali Colombia",0
184,1231381189765861376,@Jxnxglz Caliente mi perro,2020-02-23 00:52:08,0,1,Twitter for Android,JulioRo49085697,17,41,Nicaragua,0
185,1231380479405961216,"Grupo Libre de Tierra Caliente - Perro de Rancho escuchala en Radio Libre de Tierra Caliente, da click en el siguie‚Ä¶ https://t.co/habgGULu7n",2020-02-23 00:49:18,0,0,Radio.co now playing,zuco4142,110,681,"Fresno, CA",7
186,1231379910171688960,@berlyspaola Yo soy perro y soy caliente.,2020-02-23 00:47:03,0,8,Twitter for iPhone,jesusdblanco,5856,677,Barranquilla - Colombia,4
187,1231378030578274305,Quiero un perro caliente ü§§,2020-02-23 00:39:35,0,9,Twitter for iPhone,berlyspaola,1067,498,"Barranquilla, Colombia",0
188,1231376043250012160,"@J_Chacartegui @jordirico Tal vez el perro estaba fr√≠o y por eso no se lo comi√≥. Que no lo caliente, por si acaso....",2020-02-23 00:31:41,0,0,Twitter Web App,juanjogoyeneche,34,173,,0
189,1231370370663559168,Tengo ganas de un perro caliente de Carrasquilla ü§§ü§§,2020-02-23 00:09:08,0,0,Twitter for Android,julyardila04,638,408,,1
190,1231370011232567296,"Nunca pens√© llegar a este punto, pero estoy comiendo perro caliente con un tinto",2020-02-23 00:07:43,0,0,Twitter for Android,FeSoto15,480,363,"Bogot√°, D.C., Colombia",3
191,1231369753710792707,"Un buen perro caliente, una hamburguesa con todo, un pepito de limit√≥, un patac√≥n full... ¬°Ay Dios! So√±ar no cuesta nada",2020-02-23 00:06:41,0,1,Twitter for iPhone,mariajlp_,1729,1401,"Falc√≥n, Venezuela",24
192,1231367469497012231,Tengo ganas de comerme un perro caliente o una hamburguesaaa,2020-02-22 23:57:37,1,1,Twitter for Android,Arlyyyy_29,938,58,"Caracas, Venezuela",1
193,1231365725228539905,RT @mpadillag__: nadie me quiere brindar un perro caliente? yo les mando mi cuenta.,2020-02-22 23:50:41,5,0,Twitter for Android,__MariaSanchez,217,236,Venezuela,49
194,1231359896127299585,"@MarinaSL31 Lo c√≥mico que era una broma de ""entrecasa"" y los colorinche est√°n como perro con dos colas, se prenden‚Ä¶ https://t.co/4ps2J88Qe4",2020-02-22 23:27:31,0,5,Twitter for Android,Alejand20518022,342,312,"Montevideo, Uruguay",2
195,1231359086366744578,La casa caliente y perro fr√≠o el que est√° haciendo ac√° en el ba√±oü•∂üöΩüßª,2020-02-22 23:24:18,0,0,Twitter for iPhone,Holmes1995c,117,65,"Buenaventura, Colombia",0
196,1231358386157035520,@Mesmerizetrix @Dr_LawC Y el quer√≠a perro caliente con doble salchicha üò¨,2020-02-22 23:21:31,0,1,Twitter for Android,guerreroho,554,1243,"US: 10.211907,-68.011005",11
197,1231352311672459264,tengo ganas de lanzarme un perro caliente hoy.,2020-02-22 22:57:23,0,0,Twitter Web App,Selasor_,1222,448,,39
198,1231346134435729408,"Mi mam√° quer√≠a hacer unos perros calientes, sali√≥ a comprar todo y se le olvid√≥ el pan de perro caliente ü•∫",2020-02-22 22:32:50,0,3,Twitter for iPhone,misaelsierram,86,499,"San Antonio De Los Altos, Venezuela",0
199,1231340491419082753,un perro caliente pero de RELLENA,2020-02-22 22:10:25,0,3,Twitter for iPhone,paulacerdo,487,283,bucaraminecraft,1
